Employee_ID,Employment_Type,Hours_Worked_Per_Week,Productivity_Score,Well_Being_Score,Work_Hours_Category
1,Remote,29,75.0,78.0,Normal(21-45)
2,In-Office,45,49.0,47.0,Normal(21-45)
3,Remote,34,74.0,89.0,Normal(21-45)
4,Remote,25,81.0,84.0,Normal(21-45)
5,In-Office,50,70.0,74.0,High(46-60)
6,In-Office,48,66.0,58.0,High(46-60)
7,Remote,38,44.0,76.0,Normal(21-45)
8,Remote,35,68.48088531187123,90.0,Normal(21-45)
9,Remote,30,70.0,89.0,Normal(21-45)
10,In-Office,40,59.0,57.0,Normal(21-45)
11,Remote,40,77.0,57.0,Normal(21-45)
12,Remote,31,67.0,69.0,Normal(21-45)
13,Remote,37,80.0,52.0,Normal(21-45)
14,Remote,42,78.0,83.0,Normal(21-45)
15,In-Office,47,76.0,66.0,High(46-60)
16,Remote,44,81.0,69.0,Normal(21-45)
17,In-Office,58,73.0,68.0,High(46-60)
18,In-Office,37,52.0,64.0,Normal(21-45)
19,In-Office,45,58.0,62.0,Normal(21-45)
20,Remote,46,83.0,58.0,High(46-60)
21,In-Office,44,56.0,54.0,Normal(21-45)
22,Remote,32,69.0,64.02517623363545,Normal(21-45)
23,In-Office,44,59.0,16.0,Normal(21-45)
24,In-Office,57,75.0,54.0,High(46-60)
25,In-Office,45,53.0,85.0,Normal(21-45)
26,In-Office,56,66.0,75.0,High(46-60)
27,In-Office,46,51.0,53.0,High(46-60)
28,In-Office,45,60.0,56.0,Normal(21-45)
29,In-Office,44,64.0,60.0,Normal(21-45)
30,In-Office,38,57.0,40.0,Normal(21-45)
31,Remote,41,49.0,81.0,Normal(21-45)
32,Remote,44,71.0,43.0,Normal(21-45)
33,In-Office,42,64.0,44.0,Normal(21-45)
34,In-Office,41,80.0,69.0,Normal(21-45)
35,In-Office,39,49.0,55.0,Normal(21-45)
36,Remote,33,80.0,64.0,Normal(21-45)
37,In-Office,48,84.0,72.0,High(46-60)
38,Remote,34,72.0,66.0,Normal(21-45)
39,Remote,43,67.0,70.0,Normal(21-45)
40,Remote,35,68.0,56.0,Normal(21-45)
41,Remote,37,74.0,75.0,Normal(21-45)
42,Remote,31,89.0,61.0,Normal(21-45)
43,In-Office,55,47.0,66.0,High(46-60)
44,In-Office,47,57.0,66.0,High(46-60)
45,In-Office,52,42.0,67.0,High(46-60)
46,In-Office,30,55.0,84.0,Normal(21-45)
47,In-Office,41,53.0,57.0,Normal(21-45)
48,Remote,49,53.0,59.0,High(46-60)
49,In-Office,53,83.0,58.0,High(46-60)
50,In-Office,37,85.0,83.0,Normal(21-45)
51,Remote,39,65.0,69.0,Normal(21-45)
52,In-Office,44,68.0,81.0,Normal(21-45)
53,Remote,41,62.0,83.0,Normal(21-45)
54,In-Office,46,71.0,81.0,High(46-60)
55,Remote,27,74.0,64.0,Normal(21-45)
56,In-Office,35,68.0,97.0,Normal(21-45)
57,In-Office,33,64.0,69.0,Normal(21-45)
58,Remote,35,73.0,57.0,Normal(21-45)
59,Remote,36,65.0,48.0,Normal(21-45)
60,Remote,43,86.0,70.0,Normal(21-45)
61,Remote,36,87.0,72.0,Normal(21-45)
62,Remote,41,71.0,83.0,Normal(21-45)
63,Remote,37,77.0,57.0,Normal(21-45)
64,Remote,37,65.0,63.0,Normal(21-45)
65,Remote,29,62.0,91.0,Normal(21-45)
66,In-Office,52,84.0,41.0,High(46-60)
67,In-Office,45,52.0,49.0,Normal(21-45)
68,Remote,28,89.0,66.0,Normal(21-45)
69,In-Office,51,71.0,94.0,High(46-60)
70,In-Office,36,77.0,77.0,Normal(21-45)
71,In-Office,39,75.0,65.0,Normal(21-45)
72,In-Office,43,56.0,49.0,Normal(21-45)
73,Remote,49,75.0,77.0,High(46-60)
74,In-Office,40,57.0,76.0,Normal(21-45)
75,Remote,25,70.0,70.0,Normal(21-45)
76,In-Office,45,63.0,65.0,Normal(21-45)
77,In-Office,49,72.0,45.0,High(46-60)
78,In-Office,43,76.0,73.0,Normal(21-45)
79,Remote,25,79.0,50.0,Normal(21-45)
80,In-Office,45,83.0,45.0,Normal(21-45)
81,Remote,29,84.0,54.0,Normal(21-45)
82,In-Office,41,70.0,50.0,Normal(21-45)
83,Remote,33,83.0,74.0,Normal(21-45)
84,In-Office,46,61.0,65.0,High(46-60)
85,Remote,34,80.0,65.0,Normal(21-45)
86,Remote,33,63.0,69.0,Normal(21-45)
87,In-Office,40,53.0,63.0,Normal(21-45)
88,Remote,36,84.0,65.0,Normal(21-45)
89,In-Office,47,70.0,66.0,High(46-60)
90,In-Office,40,66.0,65.0,Normal(21-45)
91,In-Office,45,44.0,62.0,Normal(21-45)
92,In-Office,58,61.0,49.0,High(46-60)
93,In-Office,47,68.0,77.0,High(46-60)
94,In-Office,37,72.0,68.0,Normal(21-45)
95,In-Office,44,68.0,75.0,Normal(21-45)
96,In-Office,50,53.0,72.0,High(46-60)
97,In-Office,44,65.0,61.0,Normal(21-45)
98,In-Office,44,76.0,58.0,Normal(21-45)
99,In-Office,38,61.0,62.0,Normal(21-45)
100,Remote,43,82.0,61.0,Normal(21-45)
101,Remote,52,78.0,82.0,High(46-60)
102,In-Office,44,70.0,72.0,Normal(21-45)
103,In-Office,52,75.0,73.0,High(46-60)
104,In-Office,43,59.0,64.0,Normal(21-45)
105,In-Office,50,62.0,75.0,High(46-60)
106,In-Office,53,55.0,47.0,High(46-60)
107,In-Office,44,68.0,52.0,Normal(21-45)
108,In-Office,53,69.0,60.0,High(46-60)
109,In-Office,36,51.0,64.0,Normal(21-45)
110,Remote,20,87.0,68.0,Low(<20)
111,In-Office,64,88.0,57.0,Extreme(61-100)
112,Remote,34,86.0,87.0,Normal(21-45)
113,In-Office,35,47.0,50.0,Normal(21-45)
114,In-Office,48,69.0,76.0,High(46-60)
115,Remote,26,47.0,78.0,Normal(21-45)
116,In-Office,40,44.0,62.0,Normal(21-45)
117,Remote,40,73.0,65.0,Normal(21-45)
118,In-Office,44,61.0,39.0,Normal(21-45)
119,In-Office,40,70.0,64.0,Normal(21-45)
120,Remote,36,63.0,68.0,Normal(21-45)
121,In-Office,31,66.0,81.0,Normal(21-45)
122,Remote,24,67.0,73.0,Normal(21-45)
123,In-Office,52,60.0,49.0,High(46-60)
124,Remote,21,76.0,90.0,Normal(21-45)
125,Remote,36,74.0,73.0,Normal(21-45)
126,In-Office,44,56.0,72.0,Normal(21-45)
127,In-Office,46,65.0,45.0,High(46-60)
128,Remote,44,82.0,64.0,Normal(21-45)
129,In-Office,51,60.0,48.0,High(46-60)
130,In-Office,40,47.0,67.0,Normal(21-45)
131,In-Office,34,52.0,28.0,Normal(21-45)
132,Remote,34,73.0,66.0,Normal(21-45)
133,Remote,27,60.0,74.0,Normal(21-45)
134,Remote,31,78.0,61.0,Normal(21-45)
135,Remote,36,90.0,75.0,Normal(21-45)
136,Remote,32,78.0,67.0,Normal(21-45)
137,Remote,35,71.0,68.0,Normal(21-45)
138,Remote,36,63.0,59.0,Normal(21-45)
139,Remote,25,55.0,57.0,Normal(21-45)
140,Remote,36,64.0,75.0,Normal(21-45)
141,In-Office,45,45.0,69.0,Normal(21-45)
142,Remote,40,63.0,64.02517623363545,Normal(21-45)
143,In-Office,39,65.0,41.0,Normal(21-45)
144,In-Office,34,61.0,58.0,Normal(21-45)
145,In-Office,42,53.0,54.0,Normal(21-45)
146,Remote,36,74.0,71.0,Normal(21-45)
147,Remote,30,89.0,58.0,Normal(21-45)
148,Remote,38,89.0,74.0,Normal(21-45)
149,Remote,33,68.0,80.0,Normal(21-45)
150,In-Office,36,55.0,54.0,Normal(21-45)
151,Remote,43,79.0,60.0,Normal(21-45)
152,Remote,32,67.0,62.0,Normal(21-45)
153,Remote,41,58.0,86.0,Normal(21-45)
154,Remote,40,88.0,65.0,Normal(21-45)
155,Remote,33,57.0,64.0,Normal(21-45)
156,In-Office,47,77.0,43.0,High(46-60)
157,Remote,32,73.0,56.0,Normal(21-45)
158,In-Office,48,57.0,57.0,High(46-60)
159,Remote,31,65.0,69.0,Normal(21-45)
160,In-Office,43,61.0,49.0,Normal(21-45)
161,Remote,37,94.0,71.0,Normal(21-45)
162,Remote,41,58.0,71.0,Normal(21-45)
163,In-Office,38,50.0,48.0,Normal(21-45)
164,In-Office,52,74.0,63.0,High(46-60)
165,In-Office,35,63.0,64.0,Normal(21-45)
166,Remote,36,52.0,61.0,Normal(21-45)
167,In-Office,44,70.0,27.0,Normal(21-45)
168,Remote,33,76.0,78.0,Normal(21-45)
169,Remote,39,81.0,62.0,Normal(21-45)
170,In-Office,33,61.0,75.0,Normal(21-45)
171,In-Office,53,72.0,66.0,High(46-60)
172,Remote,37,68.0,68.0,Normal(21-45)
173,Remote,46,63.0,86.0,High(46-60)
174,In-Office,43,78.0,38.0,Normal(21-45)
175,In-Office,48,57.0,38.0,High(46-60)
176,In-Office,46,75.0,47.0,High(46-60)
177,Remote,24,73.0,69.0,Normal(21-45)
178,Remote,38,86.0,69.0,Normal(21-45)
179,Remote,47,77.0,66.0,High(46-60)
180,Remote,23,71.0,66.0,Normal(21-45)
181,Remote,41,80.0,58.0,Normal(21-45)
182,Remote,36,83.0,85.0,Normal(21-45)
183,In-Office,50,72.0,60.0,High(46-60)
184,Remote,37,89.0,56.0,Normal(21-45)
185,Remote,32,65.0,73.0,Normal(21-45)
186,Remote,43,67.0,46.0,Normal(21-45)
187,In-Office,42,74.0,68.0,Normal(21-45)
188,Remote,37,71.0,57.0,Normal(21-45)
189,Remote,38,64.0,91.0,Normal(21-45)
190,In-Office,48,59.0,50.0,High(46-60)
191,Remote,34,72.0,81.0,Normal(21-45)
192,Remote,36,66.0,88.0,Normal(21-45)
193,Remote,35,84.0,63.0,Normal(21-45)
194,Remote,37,78.0,51.0,Normal(21-45)
195,Remote,49,90.0,66.0,High(46-60)
196,In-Office,38,68.0,61.0,Normal(21-45)
197,In-Office,47,66.0,67.0,High(46-60)
198,In-Office,53,70.0,44.0,High(46-60)
199,Remote,44,94.0,100.0,Normal(21-45)
200,Remote,27,77.0,49.0,Normal(21-45)
201,Remote,38,68.0,89.0,Normal(21-45)
202,In-Office,40,48.0,52.0,Normal(21-45)
203,Remote,21,84.0,49.0,Normal(21-45)
204,Remote,35,50.0,66.0,Normal(21-45)
205,In-Office,54,68.0,47.0,High(46-60)
206,Remote,34,75.0,74.0,Normal(21-45)
207,In-Office,36,70.0,19.0,Normal(21-45)
208,In-Office,41,60.0,69.0,Normal(21-45)
209,In-Office,45,50.0,45.0,Normal(21-45)
210,Remote,36,74.0,64.0,Normal(21-45)
211,Remote,31,83.0,64.0,Normal(21-45)
212,Remote,34,100.0,55.0,Normal(21-45)
213,Remote,22,84.0,63.0,Normal(21-45)
214,Remote,32,65.0,67.0,Normal(21-45)
215,Remote,46,84.0,78.0,High(46-60)
216,Remote,25,61.0,41.0,Normal(21-45)
217,In-Office,40,74.0,67.0,Normal(21-45)
218,Remote,33,74.0,63.0,Normal(21-45)
219,In-Office,46,72.0,35.0,High(46-60)
220,Remote,37,86.0,65.0,Normal(21-45)
221,Remote,39,100.0,68.0,Normal(21-45)
222,Remote,37,66.0,71.0,Normal(21-45)
223,In-Office,47,66.0,44.0,High(46-60)
224,In-Office,46,79.0,66.0,High(46-60)
225,In-Office,50,62.0,71.0,High(46-60)
226,In-Office,46,55.0,64.0,High(46-60)
227,Remote,28,67.0,71.0,Normal(21-45)
228,In-Office,46,53.0,75.0,High(46-60)
229,Remote,39,66.0,54.0,Normal(21-45)
230,Remote,33,69.0,71.0,Normal(21-45)
231,In-Office,42,44.0,54.0,Normal(21-45)
232,In-Office,43,71.0,49.0,Normal(21-45)
233,In-Office,55,45.0,79.0,High(46-60)
234,In-Office,43,73.0,61.0,Normal(21-45)
235,In-Office,51,61.0,43.0,High(46-60)
236,In-Office,53,63.0,63.0,High(46-60)
237,In-Office,52,54.0,68.0,High(46-60)
238,In-Office,41,63.0,61.0,Normal(21-45)
239,Remote,24,65.0,83.0,Normal(21-45)
240,In-Office,50,64.0,63.0,High(46-60)
241,In-Office,43,78.0,56.0,Normal(21-45)
242,Remote,36,88.0,62.0,Normal(21-45)
243,In-Office,54,49.0,84.0,High(46-60)
244,Remote,32,72.0,51.0,Normal(21-45)
245,Remote,31,62.0,63.0,Normal(21-45)
246,In-Office,44,74.0,63.0,Normal(21-45)
247,Remote,37,61.0,61.0,Normal(21-45)
248,Remote,47,66.0,86.0,High(46-60)
249,Remote,33,75.0,80.0,Normal(21-45)
250,Remote,43,73.0,66.0,Normal(21-45)
251,In-Office,44,68.0,73.0,Normal(21-45)
252,Remote,35,82.0,86.0,Normal(21-45)
253,In-Office,47,68.0,37.0,High(46-60)
254,Remote,16,79.0,69.0,Low(<20)
255,Remote,31,77.0,69.0,Normal(21-45)
256,Remote,42,76.0,62.0,Normal(21-45)
257,Remote,41,72.0,75.0,Normal(21-45)
258,In-Office,42,58.0,61.0,Normal(21-45)
259,In-Office,45,69.0,55.0,Normal(21-45)
260,Remote,22,69.0,77.0,Normal(21-45)
261,Remote,32,72.0,79.0,Normal(21-45)
262,In-Office,40,49.0,57.0,Normal(21-45)
263,Remote,31,63.0,68.0,Normal(21-45)
264,Remote,38,74.0,73.0,Normal(21-45)
265,Remote,47,70.0,72.0,High(46-60)
266,In-Office,41,56.0,51.0,Normal(21-45)
267,In-Office,42,68.0,95.0,Normal(21-45)
268,In-Office,40,60.0,59.0,Normal(21-45)
269,Remote,37,78.0,82.0,Normal(21-45)
270,Remote,18,46.0,65.0,Low(<20)
271,In-Office,51,49.0,64.02517623363545,High(46-60)
272,In-Office,48,67.0,43.0,High(46-60)
273,In-Office,39,55.0,61.0,Normal(21-45)
274,In-Office,41,69.0,17.0,Normal(21-45)
275,Remote,29,61.0,67.0,Normal(21-45)
276,In-Office,41,72.0,32.0,Normal(21-45)
277,Remote,35,81.0,88.0,Normal(21-45)
278,In-Office,42,68.48088531187123,32.0,Normal(21-45)
279,Remote,18,85.0,69.0,Low(<20)
280,In-Office,52,51.0,67.0,High(46-60)
281,In-Office,56,69.0,64.0,High(46-60)
282,In-Office,45,49.0,80.0,Normal(21-45)
283,In-Office,41,70.0,36.0,Normal(21-45)
284,Remote,26,92.0,66.0,Normal(21-45)
285,In-Office,53,64.0,32.0,High(46-60)
286,Remote,41,67.0,76.0,Normal(21-45)
287,Remote,35,56.0,71.0,Normal(21-45)
288,Remote,50,80.0,69.0,High(46-60)
289,Remote,42,77.0,72.0,Normal(21-45)
290,In-Office,38,67.0,75.0,Normal(21-45)
291,Remote,29,92.0,69.0,Normal(21-45)
292,Remote,28,86.0,67.0,Normal(21-45)
293,Remote,40,71.0,69.0,Normal(21-45)
294,In-Office,47,67.0,30.0,High(46-60)
295,In-Office,38,74.0,58.0,Normal(21-45)
296,In-Office,41,51.0,43.0,Normal(21-45)
297,In-Office,32,63.0,51.0,Normal(21-45)
298,Remote,28,74.0,73.0,Normal(21-45)
299,Remote,49,56.0,81.0,High(46-60)
300,In-Office,50,57.0,63.0,High(46-60)
301,Remote,31,77.0,85.0,Normal(21-45)
302,Remote,39,81.0,65.0,Normal(21-45)
303,Remote,24,72.0,82.0,Normal(21-45)
304,In-Office,35,54.0,61.0,Normal(21-45)
305,In-Office,39,57.0,53.0,Normal(21-45)
306,Remote,25,63.0,77.0,Normal(21-45)
307,In-Office,37,49.0,50.0,Normal(21-45)
308,In-Office,49,63.0,53.0,High(46-60)
309,In-Office,45,47.0,67.0,Normal(21-45)
310,In-Office,47,60.0,75.0,High(46-60)
311,In-Office,38,76.0,62.0,Normal(21-45)
312,Remote,32,74.0,68.0,Normal(21-45)
313,In-Office,52,54.0,48.0,High(46-60)
314,Remote,42,67.0,79.0,Normal(21-45)
315,Remote,46,70.0,76.0,High(46-60)
316,In-Office,38,72.0,62.0,Normal(21-45)
317,Remote,38,67.0,53.0,Normal(21-45)
318,Remote,38,50.0,66.0,Normal(21-45)
319,Remote,41,77.0,89.0,Normal(21-45)
320,In-Office,51,58.0,60.0,High(46-60)
321,In-Office,44,49.0,45.0,Normal(21-45)
322,Remote,31,50.0,70.0,Normal(21-45)
323,In-Office,43,48.0,66.0,Normal(21-45)
324,In-Office,49,67.0,55.0,High(46-60)
325,In-Office,48,71.0,64.0,High(46-60)
326,In-Office,40,67.0,77.0,Normal(21-45)
327,Remote,30,100.0,64.0,Normal(21-45)
328,Remote,35,66.0,72.0,Normal(21-45)
329,In-Office,34,59.0,43.0,Normal(21-45)
330,In-Office,45,74.0,69.0,Normal(21-45)
331,Remote,18,99.0,72.0,Low(<20)
332,Remote,29,76.0,71.0,Normal(21-45)
333,In-Office,40,66.0,50.0,Normal(21-45)
334,Remote,32,66.0,55.0,Normal(21-45)
335,In-Office,45,70.0,67.0,Normal(21-45)
336,In-Office,49,68.0,52.0,High(46-60)
337,Remote,40,58.0,60.0,Normal(21-45)
338,Remote,28,87.0,79.0,Normal(21-45)
339,In-Office,47,75.0,46.0,High(46-60)
340,In-Office,47,63.0,72.0,High(46-60)
341,Remote,34,70.0,75.0,Normal(21-45)
342,In-Office,50,58.0,59.0,High(46-60)
343,Remote,27,45.0,72.0,Normal(21-45)
344,In-Office,48,67.0,30.0,High(46-60)
345,Remote,32,48.0,83.0,Normal(21-45)
346,Remote,27,90.0,79.0,Normal(21-45)
347,In-Office,28,61.0,73.0,Normal(21-45)
348,In-Office,39,66.0,52.0,Normal(21-45)
349,In-Office,34,42.0,63.0,Normal(21-45)
350,Remote,31,68.0,76.0,Normal(21-45)
351,In-Office,52,62.0,54.0,High(46-60)
352,Remote,38,58.0,72.0,Normal(21-45)
353,Remote,38,83.0,50.0,Normal(21-45)
354,In-Office,40,56.0,61.0,Normal(21-45)
355,In-Office,47,79.0,52.0,High(46-60)
356,Remote,31,88.0,72.0,Normal(21-45)
357,In-Office,52,67.0,42.0,High(46-60)
358,In-Office,37,49.0,69.0,Normal(21-45)
359,Remote,43,97.0,78.0,Normal(21-45)
360,Remote,43,68.0,58.0,Normal(21-45)
361,In-Office,50,69.0,61.0,High(46-60)
362,Remote,37,78.0,82.0,Normal(21-45)
363,Remote,44,81.0,78.0,Normal(21-45)
364,In-Office,48,60.0,71.0,High(46-60)
365,Remote,25,87.0,58.0,Normal(21-45)
366,Remote,37,64.0,75.0,Normal(21-45)
367,In-Office,44,49.0,66.0,Normal(21-45)
368,In-Office,41,73.0,60.0,Normal(21-45)
369,Remote,37,63.0,64.0,Normal(21-45)
370,Remote,31,85.0,86.0,Normal(21-45)
371,In-Office,40,75.0,27.0,Normal(21-45)
372,In-Office,37,55.0,39.0,Normal(21-45)
373,In-Office,35,69.0,56.0,Normal(21-45)
374,In-Office,47,71.0,63.0,High(46-60)
375,Remote,39,74.0,58.0,Normal(21-45)
376,In-Office,51,59.0,45.0,High(46-60)
377,In-Office,43,55.0,53.0,Normal(21-45)
378,Remote,37,79.0,61.0,Normal(21-45)
379,In-Office,42,75.0,67.0,Normal(21-45)
380,Remote,49,89.0,81.0,High(46-60)
381,In-Office,36,72.0,59.0,Normal(21-45)
382,In-Office,41,66.0,74.0,Normal(21-45)
383,In-Office,48,56.0,71.0,High(46-60)
384,Remote,30,77.0,66.0,Normal(21-45)
385,Remote,33,84.0,59.0,Normal(21-45)
386,In-Office,56,46.0,51.0,High(46-60)
387,Remote,37,82.0,68.0,Normal(21-45)
388,Remote,34,79.0,67.0,Normal(21-45)
389,Remote,44,85.0,78.0,Normal(21-45)
390,Remote,28,74.0,66.0,Normal(21-45)
391,Remote,27,79.0,64.0,Normal(21-45)
392,Remote,39,62.0,87.0,Normal(21-45)
393,In-Office,39,67.0,71.0,Normal(21-45)
394,In-Office,41,73.0,41.0,Normal(21-45)
395,Remote,45,75.0,64.0,Normal(21-45)
396,In-Office,43,73.0,51.0,Normal(21-45)
397,In-Office,40,62.0,64.02517623363545,Normal(21-45)
398,In-Office,55,59.0,72.0,High(46-60)
399,In-Office,46,55.0,59.0,High(46-60)
400,Remote,40,72.0,81.0,Normal(21-45)
401,In-Office,51,74.0,53.0,High(46-60)
402,In-Office,38,58.0,62.0,Normal(21-45)
403,Remote,38,48.0,69.0,Normal(21-45)
404,Remote,36,71.0,82.0,Normal(21-45)
405,In-Office,47,78.0,56.0,High(46-60)
406,In-Office,50,81.0,79.0,High(46-60)
407,In-Office,38,62.0,54.0,Normal(21-45)
408,In-Office,47,71.0,47.0,High(46-60)
409,In-Office,45,44.0,81.0,Normal(21-45)
410,In-Office,41,65.0,55.0,Normal(21-45)
411,Remote,43,40.0,69.0,Normal(21-45)
412,In-Office,44,60.0,85.0,Normal(21-45)
413,In-Office,39,72.0,65.0,Normal(21-45)
414,Remote,43,66.0,62.0,Normal(21-45)
415,Remote,42,80.0,54.0,Normal(21-45)
416,Remote,31,79.0,78.0,Normal(21-45)
417,Remote,30,40.0,75.0,Normal(21-45)
418,In-Office,37,44.0,17.0,Normal(21-45)
419,In-Office,49,66.0,56.0,High(46-60)
420,In-Office,53,71.0,84.0,High(46-60)
421,In-Office,36,64.0,35.0,Normal(21-45)
422,In-Office,43,62.0,69.0,Normal(21-45)
423,In-Office,45,71.0,70.0,Normal(21-45)
424,Remote,50,71.0,60.0,High(46-60)
425,In-Office,46,56.0,82.0,High(46-60)
426,Remote,33,68.0,65.0,Normal(21-45)
427,Remote,40,73.0,63.0,Normal(21-45)
428,In-Office,54,56.0,60.0,High(46-60)
429,Remote,39,55.0,74.0,Normal(21-45)
430,In-Office,38,73.0,45.0,Normal(21-45)
431,Remote,39,88.0,78.0,Normal(21-45)
432,In-Office,46,62.0,51.0,High(46-60)
433,Remote,45,66.0,59.0,Normal(21-45)
434,In-Office,48,57.0,45.0,High(46-60)
435,In-Office,36,60.0,58.0,Normal(21-45)
436,In-Office,46,74.0,67.0,High(46-60)
437,In-Office,43,63.0,67.0,Normal(21-45)
438,In-Office,52,66.0,52.0,High(46-60)
439,Remote,28,57.0,76.0,Normal(21-45)
440,Remote,39,81.0,68.0,Normal(21-45)
441,Remote,44,69.0,79.0,Normal(21-45)
442,In-Office,44,58.0,68.0,Normal(21-45)
443,Remote,37,79.0,70.0,Normal(21-45)
444,In-Office,44,88.0,77.0,Normal(21-45)
445,In-Office,49,66.0,75.0,High(46-60)
446,Remote,38,75.0,66.0,Normal(21-45)
447,Remote,34,36.0,72.0,Normal(21-45)
448,In-Office,42,80.0,60.0,Normal(21-45)
449,Remote,26,74.0,59.0,Normal(21-45)
450,In-Office,47,67.0,74.0,High(46-60)
451,In-Office,40,65.0,39.0,Normal(21-45)
452,In-Office,49,70.0,67.0,High(46-60)
453,In-Office,45,69.0,84.0,Normal(21-45)
454,In-Office,43,66.0,43.0,Normal(21-45)
455,Remote,28,68.48088531187123,81.0,Normal(21-45)
456,Remote,33,72.0,65.0,Normal(21-45)
457,In-Office,41,67.0,37.0,Normal(21-45)
458,In-Office,52,58.0,70.0,High(46-60)
459,Remote,26,83.0,76.0,Normal(21-45)
460,Remote,37,63.0,72.0,Normal(21-45)
461,In-Office,37,62.0,75.0,Normal(21-45)
462,Remote,40,75.0,60.0,Normal(21-45)
463,In-Office,48,65.0,25.0,High(46-60)
464,Remote,40,74.0,82.0,Normal(21-45)
465,In-Office,38,33.0,64.0,Normal(21-45)
466,Remote,37,54.0,60.0,Normal(21-45)
467,In-Office,61,61.0,70.0,Extreme(61-100)
468,Remote,30,49.0,68.0,Normal(21-45)
469,Remote,33,70.0,68.0,Normal(21-45)
470,In-Office,46,63.0,41.0,High(46-60)
471,Remote,38,51.0,49.0,Normal(21-45)
472,In-Office,49,70.0,59.0,High(46-60)
473,Remote,25,66.0,67.0,Normal(21-45)
474,In-Office,35,57.0,69.0,Normal(21-45)
475,Remote,44,69.0,77.0,Normal(21-45)
476,In-Office,33,71.0,47.0,Normal(21-45)
477,Remote,37,72.0,83.0,Normal(21-45)
478,In-Office,39,71.0,55.0,Normal(21-45)
479,Remote,33,72.0,61.0,Normal(21-45)
480,In-Office,44,64.0,63.0,Normal(21-45)
481,In-Office,45,72.0,73.0,Normal(21-45)
482,In-Office,38,73.0,42.0,Normal(21-45)
483,Remote,39,82.0,50.0,Normal(21-45)
484,In-Office,45,60.0,48.0,Normal(21-45)
485,Remote,44,67.0,61.0,Normal(21-45)
486,In-Office,45,71.0,57.0,Normal(21-45)
487,Remote,43,81.0,48.0,Normal(21-45)
488,In-Office,41,59.0,67.0,Normal(21-45)
489,Remote,16,100.0,75.0,Low(<20)
490,Remote,36,89.0,93.0,Normal(21-45)
491,In-Office,50,74.0,61.0,High(46-60)
492,Remote,34,69.0,61.0,Normal(21-45)
493,Remote,30,58.0,69.0,Normal(21-45)
494,In-Office,34,66.0,59.0,Normal(21-45)
495,Remote,36,68.0,100.0,Normal(21-45)
496,Remote,44,60.0,72.0,Normal(21-45)
497,Remote,30,62.0,56.0,Normal(21-45)
498,In-Office,47,58.0,74.0,High(46-60)
499,Remote,41,91.0,64.02517623363545,Normal(21-45)
500,In-Office,47,71.0,52.0,High(46-60)
501,Remote,29,94.0,72.0,Normal(21-45)
502,Remote,39,65.0,57.0,Normal(21-45)
503,Remote,31,73.0,59.0,Normal(21-45)
504,In-Office,44,48.0,43.0,Normal(21-45)
505,Remote,39,82.0,66.0,Normal(21-45)
506,Remote,27,62.0,66.0,Normal(21-45)
507,In-Office,48,74.0,52.0,High(46-60)
508,Remote,26,78.0,61.0,Normal(21-45)
509,In-Office,41,78.0,72.0,Normal(21-45)
510,In-Office,45,52.0,63.0,Normal(21-45)
511,Remote,42,70.0,83.0,Normal(21-45)
512,In-Office,52,81.0,64.0,High(46-60)
513,Remote,39,91.0,74.0,Normal(21-45)
514,In-Office,41,60.0,63.0,Normal(21-45)
515,In-Office,37,63.0,76.0,Normal(21-45)
516,Remote,19,93.0,81.0,Low(<20)
517,In-Office,42,70.0,60.0,Normal(21-45)
518,In-Office,52,74.0,38.0,High(46-60)
519,In-Office,48,62.0,61.0,High(46-60)
520,In-Office,40,82.0,75.0,Normal(21-45)
521,In-Office,40,51.0,54.0,Normal(21-45)
522,Remote,38,77.0,82.0,Normal(21-45)
523,In-Office,49,74.0,64.0,High(46-60)
524,Remote,25,72.0,80.0,Normal(21-45)
525,In-Office,44,70.0,55.0,Normal(21-45)
526,Remote,27,73.0,73.0,Normal(21-45)
527,Remote,30,72.0,60.0,Normal(21-45)
528,In-Office,51,62.0,81.0,High(46-60)
529,In-Office,54,64.0,44.0,High(46-60)
530,In-Office,32,50.0,39.0,Normal(21-45)
531,Remote,44,76.0,73.0,Normal(21-45)
532,In-Office,31,53.0,73.0,Normal(21-45)
533,Remote,37,73.0,75.0,Normal(21-45)
534,Remote,46,72.0,70.0,High(46-60)
535,Remote,36,100.0,49.0,Normal(21-45)
536,In-Office,49,63.0,68.0,High(46-60)
537,In-Office,41,64.0,70.0,Normal(21-45)
538,Remote,56,84.0,61.0,High(46-60)
539,Remote,32,69.0,52.0,Normal(21-45)
540,In-Office,43,72.0,40.0,Normal(21-45)
541,Remote,42,80.0,62.0,Normal(21-45)
542,In-Office,44,80.0,71.0,Normal(21-45)
543,Remote,35,72.0,70.0,Normal(21-45)
544,In-Office,41,43.0,90.0,Normal(21-45)
545,Remote,36,79.0,69.0,Normal(21-45)
546,In-Office,40,63.0,36.0,Normal(21-45)
547,Remote,50,60.0,59.0,High(46-60)
548,In-Office,42,77.0,60.0,Normal(21-45)
549,In-Office,37,77.0,70.0,Normal(21-45)
550,Remote,38,83.0,93.0,Normal(21-45)
551,Remote,50,66.0,86.0,High(46-60)
552,In-Office,47,69.0,34.0,High(46-60)
553,Remote,33,65.0,78.0,Normal(21-45)
554,In-Office,51,44.0,59.0,High(46-60)
555,Remote,42,72.0,77.0,Normal(21-45)
556,In-Office,47,68.0,55.0,High(46-60)
557,In-Office,37,53.0,70.0,Normal(21-45)
558,In-Office,45,63.0,53.0,Normal(21-45)
559,In-Office,43,75.0,54.0,Normal(21-45)
560,In-Office,36,72.0,56.0,Normal(21-45)
561,In-Office,45,81.0,59.0,Normal(21-45)
562,Remote,37,60.0,67.0,Normal(21-45)
563,Remote,39,56.0,72.0,Normal(21-45)
564,Remote,35,75.0,80.0,Normal(21-45)
565,In-Office,47,79.0,45.0,High(46-60)
566,In-Office,45,65.0,43.0,Normal(21-45)
567,In-Office,50,88.0,59.0,High(46-60)
568,In-Office,48,65.0,49.0,High(46-60)
569,Remote,22,66.0,56.0,Normal(21-45)
570,Remote,46,73.0,66.0,High(46-60)
571,In-Office,50,53.0,48.0,High(46-60)
572,Remote,35,87.0,75.0,Normal(21-45)
573,Remote,36,75.0,74.0,Normal(21-45)
574,In-Office,46,54.0,60.0,High(46-60)
575,Remote,27,75.0,65.0,Normal(21-45)
576,In-Office,60,64.0,38.0,High(46-60)
577,Remote,34,81.0,86.0,Normal(21-45)
578,In-Office,41,49.0,72.0,Normal(21-45)
579,In-Office,36,60.0,56.0,Normal(21-45)
580,In-Office,44,71.0,49.0,Normal(21-45)
581,In-Office,43,64.0,62.0,Normal(21-45)
582,Remote,35,80.0,78.0,Normal(21-45)
583,In-Office,47,69.0,36.0,High(46-60)
584,In-Office,45,69.0,70.0,Normal(21-45)
585,In-Office,40,58.0,51.0,Normal(21-45)
586,Remote,38,87.0,65.0,Normal(21-45)
587,In-Office,50,66.0,58.0,High(46-60)
588,Remote,33,83.0,73.0,Normal(21-45)
589,In-Office,58,56.0,67.0,High(46-60)
590,Remote,31,64.0,69.0,Normal(21-45)
591,Remote,35,100.0,68.0,Normal(21-45)
592,In-Office,38,67.0,28.0,Normal(21-45)
593,Remote,34,75.0,77.0,Normal(21-45)
594,In-Office,50,59.0,57.0,High(46-60)
595,In-Office,40,53.0,64.0,Normal(21-45)
596,In-Office,37,60.0,45.0,Normal(21-45)
597,Remote,38,96.0,56.0,Normal(21-45)
598,Remote,22,73.0,70.0,Normal(21-45)
599,In-Office,46,60.0,56.0,High(46-60)
600,In-Office,47,75.0,30.0,High(46-60)
601,Remote,32,77.0,60.0,Normal(21-45)
602,In-Office,55,58.0,59.0,High(46-60)
603,In-Office,48,59.0,32.0,High(46-60)
604,In-Office,42,75.0,54.0,Normal(21-45)
605,Remote,29,86.0,66.0,Normal(21-45)
606,Remote,31,76.0,77.0,Normal(21-45)
607,Remote,51,84.0,81.0,High(46-60)
608,In-Office,41,54.0,60.0,Normal(21-45)
609,In-Office,45,54.0,57.0,Normal(21-45)
610,In-Office,47,68.0,67.0,High(46-60)
611,Remote,37,68.0,64.0,Normal(21-45)
612,In-Office,37,82.0,60.0,Normal(21-45)
613,In-Office,43,55.0,100.0,Normal(21-45)
614,In-Office,38,60.0,66.0,Normal(21-45)
615,In-Office,48,74.0,87.0,High(46-60)
616,Remote,38,62.0,67.0,Normal(21-45)
617,Remote,37,99.0,56.0,Normal(21-45)
618,In-Office,52,66.0,72.0,High(46-60)
619,Remote,34,64.0,77.0,Normal(21-45)
620,Remote,39,86.0,69.0,Normal(21-45)
621,In-Office,41,49.0,72.0,Normal(21-45)
622,In-Office,47,55.0,51.0,High(46-60)
623,Remote,31,57.0,61.0,Normal(21-45)
624,In-Office,38,60.0,48.0,Normal(21-45)
625,Remote,23,99.0,82.0,Normal(21-45)
626,In-Office,40,67.0,66.0,Normal(21-45)
627,Remote,43,65.0,80.0,Normal(21-45)
628,In-Office,41,51.0,70.0,Normal(21-45)
629,Remote,44,68.48088531187123,58.0,Normal(21-45)
630,Remote,39,70.0,77.0,Normal(21-45)
631,Remote,24,59.0,62.0,Normal(21-45)
632,In-Office,45,58.0,69.0,Normal(21-45)
633,Remote,42,82.0,86.0,Normal(21-45)
634,Remote,37,60.0,83.0,Normal(21-45)
635,In-Office,41,74.0,83.0,Normal(21-45)
636,In-Office,47,50.0,46.0,High(46-60)
637,Remote,44,72.0,70.0,Normal(21-45)
638,Remote,40,83.0,72.0,Normal(21-45)
639,In-Office,43,61.0,72.0,Normal(21-45)
640,In-Office,48,62.0,76.0,High(46-60)
641,In-Office,44,56.0,48.0,Normal(21-45)
642,In-Office,39,62.0,78.0,Normal(21-45)
643,In-Office,40,66.0,50.0,Normal(21-45)
644,Remote,33,56.0,67.0,Normal(21-45)
645,In-Office,43,70.0,63.0,Normal(21-45)
646,Remote,26,88.0,72.0,Normal(21-45)
647,Remote,36,74.0,64.0,Normal(21-45)
648,Remote,36,80.0,52.0,Normal(21-45)
649,In-Office,41,62.0,63.0,Normal(21-45)
650,Remote,43,65.0,65.0,Normal(21-45)
651,Remote,31,65.0,66.0,Normal(21-45)
652,In-Office,49,54.0,66.0,High(46-60)
653,Remote,23,68.0,66.0,Normal(21-45)
654,Remote,46,71.0,47.0,High(46-60)
655,In-Office,33,65.0,69.0,Normal(21-45)
656,Remote,37,77.0,81.0,Normal(21-45)
657,Remote,31,85.0,53.0,Normal(21-45)
658,Remote,28,53.0,67.0,Normal(21-45)
659,In-Office,44,66.0,60.0,Normal(21-45)
660,In-Office,39,63.0,37.0,Normal(21-45)
661,In-Office,53,61.0,52.0,High(46-60)
662,Remote,46,60.0,58.0,High(46-60)
663,Remote,27,74.0,74.0,Normal(21-45)
664,In-Office,49,90.0,26.0,High(46-60)
665,Remote,39,68.0,64.0,Normal(21-45)
666,Remote,30,64.0,86.0,Normal(21-45)
667,In-Office,50,65.0,80.0,High(46-60)
668,In-Office,35,51.0,27.0,Normal(21-45)
669,Remote,30,76.0,71.0,Normal(21-45)
670,Remote,36,58.0,78.0,Normal(21-45)
671,Remote,36,83.0,51.0,Normal(21-45)
672,In-Office,46,53.0,54.0,High(46-60)
673,In-Office,48,65.0,47.0,High(46-60)
674,In-Office,45,49.0,77.0,Normal(21-45)
675,In-Office,43,76.0,52.0,Normal(21-45)
676,Remote,31,65.0,78.0,Normal(21-45)
677,In-Office,40,71.0,54.0,Normal(21-45)
678,In-Office,33,59.0,42.0,Normal(21-45)
679,In-Office,45,53.0,73.0,Normal(21-45)
680,In-Office,44,63.0,69.0,Normal(21-45)
681,In-Office,50,64.0,48.0,High(46-60)
682,Remote,22,66.0,63.0,Normal(21-45)
683,Remote,35,70.0,76.0,Normal(21-45)
684,In-Office,41,64.0,77.0,Normal(21-45)
685,Remote,37,74.0,63.0,Normal(21-45)
686,In-Office,41,56.0,51.0,Normal(21-45)
687,In-Office,49,62.0,39.0,High(46-60)
688,Remote,47,78.0,55.0,High(46-60)
689,Remote,31,76.0,87.0,Normal(21-45)
690,In-Office,38,74.0,80.0,Normal(21-45)
691,In-Office,41,62.0,44.0,Normal(21-45)
692,In-Office,43,64.0,69.0,Normal(21-45)
693,Remote,42,66.0,50.0,Normal(21-45)
694,In-Office,44,67.0,63.0,Normal(21-45)
695,In-Office,43,66.0,82.0,Normal(21-45)
696,In-Office,47,61.0,52.0,High(46-60)
697,Remote,33,94.0,68.0,Normal(21-45)
698,In-Office,44,60.0,76.0,Normal(21-45)
699,In-Office,56,69.0,61.0,High(46-60)
700,Remote,35,46.0,77.0,Normal(21-45)
701,In-Office,45,69.0,49.0,Normal(21-45)
702,In-Office,42,60.0,75.0,Normal(21-45)
703,Remote,32,99.0,74.0,Normal(21-45)
704,In-Office,37,63.0,50.0,Normal(21-45)
705,Remote,19,94.0,77.0,Low(<20)
706,Remote,38,76.0,56.0,Normal(21-45)
707,In-Office,42,73.0,44.0,Normal(21-45)
708,In-Office,29,62.0,57.0,Normal(21-45)
709,In-Office,45,72.0,69.0,Normal(21-45)
710,In-Office,46,76.0,37.0,High(46-60)
711,Remote,38,82.0,57.0,Normal(21-45)
712,In-Office,35,57.0,50.0,Normal(21-45)
713,Remote,40,67.0,61.0,Normal(21-45)
714,In-Office,41,76.0,60.0,Normal(21-45)
715,In-Office,43,63.0,79.0,Normal(21-45)
716,In-Office,40,78.0,63.0,Normal(21-45)
717,Remote,33,100.0,59.0,Normal(21-45)
718,In-Office,42,52.0,74.0,Normal(21-45)
719,In-Office,55,81.0,78.0,High(46-60)
720,In-Office,43,61.0,34.0,Normal(21-45)
721,In-Office,57,69.0,52.0,High(46-60)
722,Remote,44,63.0,74.0,Normal(21-45)
723,In-Office,43,71.0,59.0,Normal(21-45)
724,Remote,24,75.0,80.0,Normal(21-45)
725,Remote,34,84.0,59.0,Normal(21-45)
726,Remote,34,67.0,77.0,Normal(21-45)
727,Remote,35,83.0,80.0,Normal(21-45)
728,Remote,39,78.0,60.0,Normal(21-45)
729,Remote,34,68.0,66.0,Normal(21-45)
730,In-Office,42,55.0,30.0,Normal(21-45)
731,Remote,30,77.0,56.0,Normal(21-45)
732,Remote,35,97.0,80.0,Normal(21-45)
733,Remote,46,79.0,81.0,High(46-60)
734,In-Office,40,58.0,18.0,Normal(21-45)
735,In-Office,52,80.0,51.0,High(46-60)
736,Remote,33,65.0,73.0,Normal(21-45)
737,In-Office,51,47.0,66.0,High(46-60)
738,Remote,33,76.0,74.0,Normal(21-45)
739,Remote,33,73.0,67.0,Normal(21-45)
740,In-Office,50,69.0,63.0,High(46-60)
741,Remote,26,70.0,78.0,Normal(21-45)
742,In-Office,45,71.0,86.0,Normal(21-45)
743,In-Office,51,65.0,52.0,High(46-60)
744,Remote,17,72.0,66.0,Low(<20)
745,Remote,37,73.0,66.0,Normal(21-45)
746,In-Office,34,55.0,67.0,Normal(21-45)
747,Remote,47,73.0,73.0,High(46-60)
748,Remote,41,65.0,73.0,Normal(21-45)
749,Remote,29,85.0,71.0,Normal(21-45)
750,In-Office,46,57.0,70.0,High(46-60)
751,In-Office,57,54.0,54.0,High(46-60)
752,Remote,36,84.0,64.0,Normal(21-45)
753,In-Office,28,78.0,71.0,Normal(21-45)
754,In-Office,34,58.0,83.0,Normal(21-45)
755,In-Office,53,74.0,57.0,High(46-60)
756,In-Office,45,63.0,76.0,Normal(21-45)
757,In-Office,39,56.0,75.0,Normal(21-45)
758,Remote,34,91.0,63.0,Normal(21-45)
759,Remote,34,63.0,70.0,Normal(21-45)
760,Remote,24,69.0,55.0,Normal(21-45)
761,In-Office,49,72.0,34.0,High(46-60)
762,In-Office,53,89.0,60.0,High(46-60)
763,Remote,30,100.0,56.0,Normal(21-45)
764,In-Office,45,68.48088531187123,80.0,Normal(21-45)
765,Remote,37,69.0,60.0,Normal(21-45)
766,Remote,32,62.0,70.0,Normal(21-45)
767,Remote,31,57.0,82.0,Normal(21-45)
768,In-Office,42,52.0,57.0,Normal(21-45)
769,In-Office,45,47.0,64.0,Normal(21-45)
770,Remote,27,95.0,75.0,Normal(21-45)
771,Remote,32,66.0,68.0,Normal(21-45)
772,Remote,39,74.0,67.0,Normal(21-45)
773,Remote,35,67.0,66.0,Normal(21-45)
774,In-Office,32,74.0,64.0,Normal(21-45)
775,In-Office,40,83.0,61.0,Normal(21-45)
776,Remote,27,85.0,73.0,Normal(21-45)
777,Remote,37,69.0,74.0,Normal(21-45)
778,In-Office,43,70.0,31.0,Normal(21-45)
779,In-Office,42,82.0,48.0,Normal(21-45)
780,Remote,30,69.0,57.0,Normal(21-45)
781,Remote,19,72.0,71.0,Low(<20)
782,Remote,34,73.0,70.0,Normal(21-45)
783,In-Office,51,63.0,51.0,High(46-60)
784,In-Office,43,70.0,81.0,Normal(21-45)
785,In-Office,41,65.0,65.0,Normal(21-45)
786,Remote,28,75.0,55.0,Normal(21-45)
787,Remote,22,79.0,66.0,Normal(21-45)
788,In-Office,46,64.0,45.0,High(46-60)
789,In-Office,44,52.0,80.0,Normal(21-45)
790,Remote,25,72.0,59.0,Normal(21-45)
791,In-Office,48,61.0,52.0,High(46-60)
792,In-Office,50,65.0,67.0,High(46-60)
793,Remote,28,58.0,71.0,Normal(21-45)
794,In-Office,43,71.0,58.0,Normal(21-45)
795,Remote,36,55.0,88.0,Normal(21-45)
796,Remote,33,83.0,61.0,Normal(21-45)
797,Remote,37,59.0,74.0,Normal(21-45)
798,Remote,32,75.0,76.0,Normal(21-45)
799,Remote,26,66.0,74.0,Normal(21-45)
800,Remote,49,73.0,75.0,High(46-60)
801,Remote,34,98.0,52.0,Normal(21-45)
802,In-Office,45,48.0,22.0,Normal(21-45)
803,Remote,37,76.0,67.0,Normal(21-45)
804,Remote,34,100.0,67.0,Normal(21-45)
805,In-Office,48,58.0,64.0,High(46-60)
806,In-Office,43,60.0,87.0,Normal(21-45)
807,In-Office,52,66.0,25.0,High(46-60)
808,Remote,32,100.0,67.0,Normal(21-45)
809,In-Office,51,79.0,63.0,High(46-60)
810,Remote,29,45.0,64.02517623363545,Normal(21-45)
811,Remote,29,77.0,57.0,Normal(21-45)
812,Remote,33,75.0,72.0,Normal(21-45)
813,Remote,27,89.0,64.0,Normal(21-45)
814,In-Office,34,63.0,60.0,Normal(21-45)
815,In-Office,45,78.0,56.0,Normal(21-45)
816,Remote,34,61.0,78.0,Normal(21-45)
817,Remote,36,69.0,50.0,Normal(21-45)
818,Remote,45,60.0,64.0,Normal(21-45)
819,In-Office,47,53.0,37.0,High(46-60)
820,Remote,20,83.0,64.0,Low(<20)
821,Remote,55,63.0,60.0,High(46-60)
822,In-Office,41,67.0,52.0,Normal(21-45)
823,In-Office,48,55.0,39.0,High(46-60)
824,Remote,22,48.0,64.0,Normal(21-45)
825,In-Office,43,58.0,78.0,Normal(21-45)
826,In-Office,52,61.0,33.0,High(46-60)
827,Remote,31,67.0,63.0,Normal(21-45)
828,In-Office,40,58.0,54.0,Normal(21-45)
829,Remote,30,77.0,73.0,Normal(21-45)
830,In-Office,39,77.0,45.0,Normal(21-45)
831,Remote,23,79.0,61.0,Normal(21-45)
832,Remote,37,46.0,83.0,Normal(21-45)
833,Remote,39,56.0,55.0,Normal(21-45)
834,In-Office,55,57.0,47.0,High(46-60)
835,Remote,19,70.0,67.0,Low(<20)
836,In-Office,49,51.0,37.0,High(46-60)
837,Remote,38,87.0,54.0,Normal(21-45)
838,Remote,42,75.0,80.0,Normal(21-45)
839,In-Office,44,39.0,57.0,Normal(21-45)
840,Remote,42,64.0,66.0,Normal(21-45)
841,Remote,33,40.0,86.0,Normal(21-45)
842,In-Office,39,70.0,58.0,Normal(21-45)
843,Remote,43,79.0,67.0,Normal(21-45)
844,Remote,28,84.0,51.0,Normal(21-45)
845,Remote,39,61.0,82.0,Normal(21-45)
846,Remote,36,82.0,70.0,Normal(21-45)
847,In-Office,34,56.0,70.0,Normal(21-45)
848,In-Office,45,76.0,66.0,Normal(21-45)
849,Remote,28,65.0,71.0,Normal(21-45)
850,In-Office,31,81.0,66.0,Normal(21-45)
851,Remote,43,56.0,82.0,Normal(21-45)
852,In-Office,58,51.0,71.0,High(46-60)
853,Remote,35,56.0,74.0,Normal(21-45)
854,Remote,40,67.0,81.0,Normal(21-45)
855,Remote,23,57.0,71.0,Normal(21-45)
856,Remote,35,66.0,78.0,Normal(21-45)
857,Remote,38,85.0,68.0,Normal(21-45)
858,Remote,39,69.0,90.0,Normal(21-45)
859,In-Office,40,86.0,60.0,Normal(21-45)
860,Remote,25,91.0,71.0,Normal(21-45)
861,In-Office,50,77.0,65.0,High(46-60)
862,Remote,30,86.0,70.0,Normal(21-45)
863,In-Office,49,43.0,66.0,High(46-60)
864,In-Office,41,81.0,69.0,Normal(21-45)
865,In-Office,46,69.0,45.0,High(46-60)
866,Remote,46,98.0,73.0,High(46-60)
867,Remote,46,68.0,62.0,High(46-60)
868,In-Office,45,69.0,54.0,Normal(21-45)
869,Remote,38,78.0,60.0,Normal(21-45)
870,In-Office,48,73.0,62.0,High(46-60)
871,Remote,43,60.0,74.0,Normal(21-45)
872,In-Office,37,53.0,50.0,Normal(21-45)
873,In-Office,39,59.0,56.0,Normal(21-45)
874,Remote,40,71.0,54.0,Normal(21-45)
875,In-Office,51,56.0,59.0,High(46-60)
876,Remote,38,77.0,80.0,Normal(21-45)
877,In-Office,47,56.0,92.0,High(46-60)
878,In-Office,46,63.0,74.0,High(46-60)
879,Remote,36,79.0,94.0,Normal(21-45)
880,Remote,33,71.0,71.0,Normal(21-45)
881,Remote,42,56.0,50.0,Normal(21-45)
882,In-Office,41,48.0,53.0,Normal(21-45)
883,Remote,38,64.0,55.0,Normal(21-45)
884,In-Office,45,73.0,34.0,Normal(21-45)
885,In-Office,49,73.0,74.0,High(46-60)
886,Remote,43,100.0,66.0,Normal(21-45)
887,Remote,35,70.0,70.0,Normal(21-45)
888,In-Office,54,51.0,47.0,High(46-60)
889,In-Office,53,75.0,54.0,High(46-60)
890,Remote,40,79.0,85.0,Normal(21-45)
891,Remote,35,87.0,96.0,Normal(21-45)
892,Remote,39,75.0,77.0,Normal(21-45)
893,Remote,32,100.0,71.0,Normal(21-45)
894,Remote,33,64.0,80.0,Normal(21-45)
895,In-Office,50,60.0,68.0,High(46-60)
896,In-Office,35,66.0,66.0,Normal(21-45)
897,In-Office,55,57.0,40.0,High(46-60)
898,In-Office,39,51.0,80.0,Normal(21-45)
899,Remote,45,78.0,82.0,Normal(21-45)
900,Remote,35,73.0,66.0,Normal(21-45)
901,Remote,32,56.0,72.0,Normal(21-45)
902,In-Office,44,72.0,61.0,Normal(21-45)
903,In-Office,44,56.0,61.0,Normal(21-45)
904,Remote,40,61.0,70.0,Normal(21-45)
905,Remote,36,66.0,64.0,Normal(21-45)
906,In-Office,46,53.0,65.0,High(46-60)
907,In-Office,39,75.0,95.0,Normal(21-45)
908,Remote,28,81.0,62.0,Normal(21-45)
909,Remote,42,59.0,74.0,Normal(21-45)
910,In-Office,39,62.0,44.0,Normal(21-45)
911,Remote,40,64.0,75.0,Normal(21-45)
912,Remote,32,73.0,71.0,Normal(21-45)
913,Remote,29,77.0,85.0,Normal(21-45)
914,In-Office,40,76.0,82.0,Normal(21-45)
915,In-Office,40,50.0,64.0,Normal(21-45)
916,In-Office,41,83.0,60.0,Normal(21-45)
917,In-Office,40,53.0,76.0,Normal(21-45)
918,In-Office,41,65.0,74.0,Normal(21-45)
919,In-Office,42,64.0,59.0,Normal(21-45)
920,In-Office,49,70.0,56.0,High(46-60)
921,Remote,35,70.0,55.0,Normal(21-45)
922,Remote,36,97.0,61.0,Normal(21-45)
923,Remote,29,64.0,77.0,Normal(21-45)
924,Remote,38,73.0,60.0,Normal(21-45)
925,Remote,35,56.0,71.0,Normal(21-45)
926,Remote,41,59.0,54.0,Normal(21-45)
927,Remote,46,67.0,81.0,High(46-60)
928,In-Office,44,63.0,66.0,Normal(21-45)
929,In-Office,39,66.0,54.0,Normal(21-45)
930,Remote,25,79.0,67.0,Normal(21-45)
931,Remote,33,60.0,85.0,Normal(21-45)
932,In-Office,50,74.0,55.0,High(46-60)
933,Remote,22,98.0,64.02517623363545,Normal(21-45)
934,Remote,29,80.0,81.0,Normal(21-45)
935,In-Office,44,77.0,76.0,Normal(21-45)
936,Remote,27,66.0,79.0,Normal(21-45)
937,In-Office,28,63.0,38.0,Normal(21-45)
938,Remote,31,71.0,66.0,Normal(21-45)
939,In-Office,41,54.0,94.0,Normal(21-45)
940,In-Office,56,53.0,83.0,High(46-60)
941,In-Office,42,66.0,59.0,Normal(21-45)
942,Remote,30,86.0,71.0,Normal(21-45)
943,In-Office,42,51.0,46.0,Normal(21-45)
944,Remote,23,68.48088531187123,58.0,Normal(21-45)
945,Remote,33,91.0,81.0,Normal(21-45)
946,Remote,34,73.0,88.0,Normal(21-45)
947,Remote,38,71.0,55.0,Normal(21-45)
948,In-Office,47,73.0,50.0,High(46-60)
949,In-Office,46,61.0,57.0,High(46-60)
950,Remote,17,72.0,79.0,Low(<20)
951,Remote,30,75.0,62.0,Normal(21-45)
952,In-Office,47,62.0,45.0,High(46-60)
953,Remote,44,86.0,63.0,Normal(21-45)
954,In-Office,47,70.0,69.0,High(46-60)
955,Remote,23,87.0,64.0,Normal(21-45)
956,Remote,32,100.0,73.0,Normal(21-45)
957,In-Office,42,42.0,80.0,Normal(21-45)
958,Remote,25,62.0,66.0,Normal(21-45)
959,In-Office,53,72.0,57.0,High(46-60)
960,Remote,37,67.0,71.0,Normal(21-45)
961,Remote,35,86.0,79.0,Normal(21-45)
962,Remote,38,70.0,77.0,Normal(21-45)
963,In-Office,44,54.0,53.0,Normal(21-45)
964,In-Office,35,85.0,68.0,Normal(21-45)
965,Remote,26,75.0,71.0,Normal(21-45)
966,Remote,36,86.0,80.0,Normal(21-45)
967,Remote,30,67.0,59.0,Normal(21-45)
968,In-Office,49,79.0,55.0,High(46-60)
969,In-Office,43,79.0,67.0,Normal(21-45)
970,Remote,38,60.0,76.0,Normal(21-45)
971,In-Office,39,53.0,54.0,Normal(21-45)
972,Remote,30,72.0,55.0,Normal(21-45)
973,Remote,41,88.0,50.0,Normal(21-45)
974,Remote,41,65.0,78.0,Normal(21-45)
975,In-Office,44,65.0,57.0,Normal(21-45)
976,In-Office,52,52.0,69.0,High(46-60)
977,In-Office,51,72.0,94.0,High(46-60)
978,In-Office,41,74.0,58.0,Normal(21-45)
979,In-Office,52,64.0,54.0,High(46-60)
980,In-Office,52,60.0,38.0,High(46-60)
981,In-Office,41,71.0,80.0,Normal(21-45)
982,In-Office,45,78.0,39.0,Normal(21-45)
983,In-Office,42,62.0,58.0,Normal(21-45)
984,Remote,35,83.0,65.0,Normal(21-45)
985,In-Office,45,64.0,46.0,Normal(21-45)
986,In-Office,44,63.0,57.0,Normal(21-45)
987,In-Office,45,65.0,53.0,Normal(21-45)
988,In-Office,52,53.0,49.0,High(46-60)
989,In-Office,61,54.0,39.0,Extreme(61-100)
990,In-Office,49,44.0,56.0,High(46-60)
991,In-Office,57,49.0,30.0,High(46-60)
992,In-Office,36,73.0,76.0,Normal(21-45)
993,In-Office,41,71.0,80.0,Normal(21-45)
994,In-Office,55,62.0,25.0,High(46-60)
995,In-Office,40,60.0,56.0,Normal(21-45)
996,Remote,33,88.0,82.0,Normal(21-45)
997,Remote,33,88.0,73.0,Normal(21-45)
998,In-Office,45,74.0,61.0,Normal(21-45)
999,In-Office,57,50.0,52.0,High(46-60)
1000,Remote,34,80.0,82.0,Normal(21-45)
